{
    "train_metrics": {
        "r2": 0.8802628248100752,
        "rmse": 185.2252205207268,
        "mae": 132.2920839245217,
        "mape": 21.432076316407123,
        "mse": 34308.38231695187,
        "relative_error": 21.432076316407123
    },
    "test_metrics": {
        "r2": 0.7411105674981442,
        "rmse": 282.9312916426919,
        "mae": 199.1997521249839,
        "mape": 30.615069257137122,
        "mse": 80050.11579060198,
        "relative_error": 30.615069257137122
    },
    "residual_stats": {
        "mean": 12.364107148812394,
        "std": 282.66100658742215,
        "min": -795.2211879742642,
        "max": 1574.1748957316665,
        "median": -19.943448641074838,
        "q25": -148.39314655733205,
        "q75": 128.21215450570003,
        "normality_test": {
            "statistic": 0.9302839636802673,
            "p_value": 6.18136885241819e-21,
            "is_normal": false
        },
        "outlier_count": 17,
        "outlier_ratio": 1.7364657814096014
    }
}