模型,Accuracy,Precision,Recall,F1,ROC_AUC,PR_AUC
LogisticRegression,0.7576530612244898,0.4896551724137931,0.7717391304347826,0.5991561181434599,0.8327858293075684,0
DecisionTree,0.7508503401360545,0.47961630695443647,0.7246376811594203,0.5772005772005773,0.8218840579710145,0
XGBoost,0.7831632653061225,0.5335463258785943,0.605072463768116,0.567062818336163,0.8099537037037037,0
LightGBM,0.7840136054421769,0.5359477124183006,0.5942028985507246,0.563573883161512,0.8072403381642512,0
RandomForest,0.7763605442176871,0.5224913494809689,0.5471014492753623,0.5345132743362832,0.7951670692431563,0
GradientBoosting,0.7670068027210885,0.5034965034965035,0.5217391304347826,0.512455516014235,0.7936473429951689,0
