模型,R²,RMSE,MAE,MAPE
Stacking,0.7411105674981442,282.9312916426919,199.1997521249839,30.615069257137122
XGBoost,0.7408902980000017,283.05162850342185,201.28868828511457,31.243467707512128
RandomForest,0.7166710292598951,295.9847342750836,208.25799449432316,33.66546223459062
Lasso,0.5704377212763814,364.44910600402534,263.7739663051025,47.07818286545699
LinearRegression,0.5704221167948584,364.45572551879167,263.88033493400474,47.073947836034606
Ridge,0.5702235756221095,364.5399373825687,263.8247739891232,47.06564708001173
ElasticNet,0.5670039360824048,365.90285211739433,264.0707879694782,47.59308870193709
