{
    "train_metrics": {
        "accuracy": 0.7712585034013606,
        "precision": 0.5095298602287166,
        "recall": 0.7251356238698011,
        "f1": 0.5985074626865671,
        "roc_auc": 0.8375742702144148,
        "pr_auc": 0.5793453217134367,
        "specificity": 0.7854363535297387,
        "true_positive": 802,
        "false_positive": 772,
        "true_negative": 2826,
        "false_negative": 304,
        "false_positive_rate": 0.21456364647026124,
        "false_negative_rate": 0.27486437613019893
    },
    "test_metrics": {
        "accuracy": 0.7508503401360545,
        "precision": 0.47961630695443647,
        "recall": 0.7246376811594203,
        "f1": 0.5772005772005773,
        "roc_auc": 0.8218840579710145,
        "pr_auc": 0.5514036119900128,
        "specificity": 0.7588888888888888,
        "true_positive": 200,
        "false_positive": 217,
        "true_negative": 683,
        "false_negative": 76,
        "false_positive_rate": 0.2411111111111111,
        "false_negative_rate": 0.2753623188405797
    },
    "confusion_matrix": {
        "confusion_matrix": [
            [
                683,
                217
            ],
            [
                76,
                200
            ]
        ],
        "true_positive": 200,
        "false_positive": 217,
        "true_negative": 683,
        "false_negative": 76,
        "total_samples": 1176,
        "positive_samples": 276,
        "negative_samples": 900,
        "tp_rate": 0.7246376811594203,
        "fp_rate": 0.2411111111111111,
        "tn_rate": 0.7588888888888888,
        "fn_rate": 0.2753623188405797
    },
    "classification_report": {
        "0": {
            "precision": 0.8998682476943346,
            "recall": 0.7588888888888888,
            "f1-score": 0.8233875828812537,
            "support": 900.0
        },
        "1": {
            "precision": 0.47961630695443647,
            "recall": 0.7246376811594203,
            "f1-score": 0.5772005772005773,
            "support": 276.0
        },
        "accuracy": 0.7508503401360545,
        "macro avg": {
            "precision": 0.6897422773243855,
            "recall": 0.7417632850241546,
            "f1-score": 0.7002940800409154,
            "support": 1176.0
        },
        "weighted avg": {
            "precision": 0.8012376901737464,
            "recall": 0.7508503401360545,
            "f1-score": 0.7656089999153807,
            "support": 1176.0
        }
    },
    "roc_curve": {
        "fpr": [
            0.0,
            0.0011111111111111111,
            0.01,
            0.012222222222222223,
            0.06777777777777778,
            0.08222222222222222,
            0.09,
            0.10777777777777778,
            0.12777777777777777,
            0.15,
            0.2388888888888889,
            0.2411111111111111,
            0.24444444444444444,
            0.2822222222222222,
            0.2866666666666667,
            0.3011111111111111,
            0.4677777777777778,
            0.52,
            0.5422222222222223,
            0.5477777777777778,
            0.5633333333333334,
            0.6466666666666666,
            0.6655555555555556,
            0.67,
            0.7333333333333333,
            0.9733333333333334,
            1.0
        ],
        "tpr": [
            0.0,
            0.0,
            0.11231884057971014,
            0.14855072463768115,
            0.37681159420289856,
            0.4420289855072464,
            0.4601449275362319,
            0.4927536231884058,
            0.5543478260869565,
            0.5652173913043478,
            0.7246376811594203,
            0.7246376811594203,
            0.7246376811594203,
            0.7717391304347826,
            0.7789855072463768,
            0.7898550724637681,
            0.9094202898550725,
            0.9384057971014492,
            0.9456521739130435,
            0.9492753623188406,
            0.9492753623188406,
            0.9782608695652174,
            0.9818840579710145,
            0.9818840579710145,
            0.9891304347826086,
            0.9963768115942029,
            1.0
        ],
        "thresholds": [
            Infinity,
            1.0,
            0.9457364341085271,
            0.9401709401709402,
            0.8752941176470588,
            0.8409703504043127,
            0.7272727272727273,
            0.6740088105726872,
            0.5721153846153846,
            0.5666666666666667,
            0.5475352112676056,
            0.5365853658536586,
            0.5,
            0.4563106796116505,
            0.3793103448275862,
            0.3695652173913043,
            0.3025830258302583,
            0.2789115646258503,
            0.24,
            0.1,
            0.09836065573770492,
            0.08913649025069638,
            0.06329113924050633,
            0.0625,
            0.017857142857142856,
            0.008978675645342313,
            0.0
        ],
        "auc": 0.8218840579710145,
        "optimal_threshold": 0.3793103448275862,
        "optimal_tpr": 0.7789855072463768,
        "optimal_fpr": 0.2866666666666667
    },
    "pr_curve": {
        "precision": [
            0.23469387755102042,
            0.23892267593397046,
            0.29260450160771706,
            0.3100686498855835,
            0.3114942528735632,
            0.31690140845070425,
            0.34070221066319895,
            0.34701986754966885,
            0.3484646194926569,
            0.3562585969738652,
            0.37351190476190477,
            0.4458077709611452,
            0.45454545454545453,
            0.45610278372591007,
            0.47619047619047616,
            0.47961630695443647,
            0.4819277108433735,
            0.5360824742268041,
            0.5708955223880597,
            0.5836909871244635,
            0.6105769230769231,
            0.6224489795918368,
            0.6303030303030303,
            0.7884615384615384,
            0.775,
            0.0,
            1.0
        ],
        "recall": [
            1.0,
            0.9963768115942029,
            0.9891304347826086,
            0.9818840579710145,
            0.9818840579710145,
            0.9782608695652174,
            0.9492753623188406,
            0.9492753623188406,
            0.9456521739130435,
            0.9384057971014492,
            0.9094202898550725,
            0.7898550724637681,
            0.7789855072463768,
            0.7717391304347826,
            0.7246376811594203,
            0.7246376811594203,
            0.7246376811594203,
            0.5652173913043478,
            0.5543478260869565,
            0.4927536231884058,
            0.4601449275362319,
            0.4420289855072464,
            0.37681159420289856,
            0.14855072463768115,
            0.11231884057971014,
            0.0,
            0.0
        ],
        "thresholds": [
            0.0,
            0.008978675645342313,
            0.017857142857142856,
            0.0625,
            0.06329113924050633,
            0.08913649025069638,
            0.09836065573770492,
            0.1,
            0.24,
            0.2789115646258503,
            0.3025830258302583,
            0.3695652173913043,
            0.3793103448275862,
            0.4563106796116505,
            0.5,
            0.5365853658536586,
            0.5475352112676056,
            0.5666666666666667,
            0.5721153846153846,
            0.6740088105726872,
            0.7272727272727273,
            0.8409703504043127,
            0.8752941176470588,
            0.9401709401709402,
            0.9457364341085271,
            1.0,
            0.0
        ],
        "auc": 0.5514036119900128,
        "optimal_threshold": 0.5475352112676056,
        "optimal_precision": 0.4819277108433735,
        "optimal_recall": 0.7246376811594203,
        "optimal_f1": 0.5788712011097656
    },
    "feature_importance": [
        {
            "特征": "IsLongTermContract",