{
    "best_model_name": "LogisticRegression",
    "best_score": 0.8327858293075684,
    "primary_metric": "roc_auc",
    "metrics": {
        "accuracy": 0.7576530612244898,
        "precision": 0.4896551724137931,
        "recall": 0.7717391304347826,
        "f1": 0.5991561181434599,
        "roc_auc": 0.8327858293075684
    },
    "train_size": 4704,
    "test_size": 1176,
    "use_smote": true,
    "random_state": 42
}